{
  "user_info": [],
  "votes_users": [],
  "votes_regions": [],
  "votes_in_time": [],
  "constituency_region": [
    {"code":"W07000049","constituency":"Aberavon","region":"L"},
    {"code":"W07000058","constituency":"Aberconwy","region":"L"},
    {"code":"S14000001","constituency":"Aberdeen North","region":"M"},
    {"code":"S14000002","constituency":"Aberdeen South","region":"M"},
    {"code":"S14000058","constituency":"West Aberdeenshire and Kincardine","region":"M"},
    {"code":"S14000003","constituency":"Airdrie and Shotts","region":"M"},
    {"code":"E14000530","constituency":"Aldershot","region":"J"},
    {"code":"E14000531","constituency":"Aldridge-Brownhills","region":"G"},
    {"code":"E14000532","constituency":"Altrincham and Sale West","region":"D"},
    {"code":"W07000043","constituency":"Alyn and Deeside","region":"L"},
    {"code":"E14000533","constituency":"Amber Valley","region":"F"},
    {"code":"S14000004","constituency":"Angus","region":"M"},
    {"code":"W07000057","constituency":"Arfon","region":"L"},
    {"code":"S14000005","constituency":"Argyll and Bute","region":"M"},
    {"code":"E14000534","constituency":"Arundel and South Downs","region":"J"},
    {"code":"E14000535","constituency":"Ashfield","region":"F"},
    {"code":"E14000536","constituency":"Ashford","region":"J"},
    {"code":"E14000537","constituency":"Ashton-under-Lyne","region":"D"},
    {"code":"E14000538","constituency":"Aylesbury","region":"J"},
    {"code":"S14000006","constituency":"Ayr, Carrick and Cumnock","region":"M"},
    {"code":"S14000010","constituency":"Central Ayrshire","region":"M"},
    {"code":"S14000048","constituency":"North Ayrshire and Arran","region":"M"},
    {"code":"E14000539","constituency":"Banbury","region":"J"},
    {"code":"S14000007","constituency":"Banff and Buchan","region":"M"},
    {"code":"E14000540","constituency":"Barking","region":"I"},
    {"code":"E14000541","constituency":"Barnsley Central","region":"E"},
    {"code":"E14000542","constituency":"Barnsley East","region":"E"},
    {"code":"E14000543","constituency":"Barrow and Furness","region":"D"},
    {"code":"E14000544","constituency":"Basildon and Billericay","region":"H"},
    {"code":"E14000933","constituency":"South Basildon and East Thurrock","region":"H"},
    {"code":"E14000545","constituency":"Basingstoke","region":"J"},
    {"code":"E14000546","constituency":"Bassetlaw","region":"F"},
    {"code":"E14000547","constituency":"Bath","region":"K"},
    {"code":"E14000548","constituency":"Batley and Spen","region":"E"},
    {"code":"E14000549","constituency":"Battersea","region":"I"},
    {"code":"E14000550","constituency":"Beaconsfield","region":"J"},
    {"code":"E14000551","constituency":"Beckenham","region":"I"},
    {"code":"E14000552","constituency":"Bedford","region":"H"},
    {"code":"E14000813","constituency":"Mid Bedfordshire","region":"H"},
    {"code":"E14000841","constituency":"North East Bedfordshire","region":"H"},
    {"code":"E14000949","constituency":"South West Bedfordshire","region":"H"},
    {"code":"E14000553","constituency":"Bermondsey and Old Southwark","region":"I"},
    {"code":"E14000554","constituency":"Berwick-upon-Tweed","region":"M"},
    {"code":"S14000008","constituency":"Berwickshire, Roxburgh and Selkirk","region":"C"},
    {"code":"E14000555","constituency":"Bethnal Green and Bow","region":"I"},
    {"code":"E14000556","constituency":"Beverley and Holderness","region":"E"},
    {"code":"E14000557","constituency":"Bexhill and Battle","region":"J"},
    {"code":"E14000558","constituency":"Bexleyheath and Crayford","region":"I"},
    {"code":"E14000559","constituency":"Birkenhead","region":"D"},
    {"code":"E14000560","constituency":"Birmingham, Edgbaston","region":"G"},
    {"code":"E14000561","constituency":"Birmingham, Erdington","region":"G"},
    {"code":"E14000562","constituency":"Birmingham, Hall Green","region":"G"},
    {"code":"E14000563","constituency":"Birmingham, Hodge Hill","region":"G"},
    {"code":"E14000564","constituency":"Birmingham, Ladywood","region":"G"},
    {"code":"E14000565","constituency":"Birmingham, Northfield","region":"G"},
    {"code":"E14000566","constituency":"Birmingham, Perry Barr","region":"G"},
    {"code":"E14000567","constituency":"Birmingham, Selly Oak","region":"G"},
    {"code":"E14000568","constituency":"Birmingham, Yardley","region":"G"},
    {"code":"E14000569","constituency":"Bishop Auckland","region":"C"},
    {"code":"E14000570","constituency":"Blackburn","region":"D"},
    {"code":"E14000571","constituency":"Blackley and Broughton","region":"D"},
    {"code":"E14000572","constituency":"Blackpool North and Cleveleys","region":"D"},
    {"code":"E14000573","constituency":"Blackpool South","region":"D"},
    {"code":"W07000072","constituency":"Blaenau Gwent","region":"L"},
    {"code":"E14000574","constituency":"Blaydon","region":"C"},
    {"code":"E14000575","constituency":"Blyth Valley","region":"C"},
    {"code":"E14000576","constituency":"Bognor Regis and Littlehampton","region":"J"},
    {"code":"E14000577","constituency":"Bolsover","region":"F"},
    {"code":"E14000578","constituency":"Bolton North East","region":"D"},
    {"code":"E14000579","constituency":"Bolton South East","region":"D"},
    {"code":"E14000580","constituency":"Bolton West","region":"D"},
    {"code":"E14000581","constituency":"Bootle","region":"D"},
    {"code":"E14000582","constituency":"Boston and Skegness","region":"F"},
    {"code":"E14000583","constituency":"Bosworth","region":"F"},
    {"code":"E14000584","constituency":"Bournemouth East","region":"K"},
    {"code":"E14000585","constituency":"Bournemouth West","region":"K"},
    {"code":"E14000586","constituency":"Bracknell","region":"J"},
    {"code":"E14000587","constituency":"Bradford East","region":"E"},
    {"code":"E14000588","constituency":"Bradford South","region":"E"},
    {"code":"E14000589","constituency":"Bradford West","region":"E"},
    {"code":"E14000590","constituency":"Braintree","region":"H"},
    {"code":"W07000068","constituency":"Brecon and Radnorshire","region":"L"},
    {"code":"E14000591","constituency":"Brent Central","region":"I"},
    {"code":"E14000592","constituency":"Brent North","region":"I"},
    {"code":"E14000593","constituency":"Brentford and Isleworth","region":"I"},
    {"code":"E14000594","constituency":"Brentwood and Ongar","region":"H"},
    {"code":"W07000073","constituency":"Bridgend","region":"L"},
    {"code":"E14000595","constituency":"Bridgwater and West Somerset","region":"K"},
    {"code":"E14000596","constituency":"Brigg and Goole","region":"E"},
    {"code":"E14000597","constituency":"Brighton, Kemptown","region":"J"},
    {"code":"E14000598","constituency":"Brighton, Pavilion","region":"J"},
    {"code":"E14000599","constituency":"Bristol East","region":"K"},
    {"code":"E14000600","constituency":"Bristol North West","region":"K"},
    {"code":"E14000601","constituency":"Bristol South","region":"K"},
    {"code":"E14000602","constituency":"Bristol West","region":"K"},
    {"code":"E14000603","constituency":"Broadland","region":"H"},
    {"code":"E14000604","constituency":"Bromley and Chislehurst","region":"I"},
    {"code":"E14000605","constituency":"Bromsgrove","region":"G"},
    {"code":"E14000606","constituency":"Broxbourne","region":"H"},
    {"code":"E14000607","constituency":"Broxtowe","region":"F"},
    {"code":"E14000608","constituency":"Buckingham","region":"J"},
    {"code":"E14000609","constituency":"Burnley","region":"D"},
    {"code":"E14000610","constituency":"Burton","region":"G"},
    {"code":"E14000611","constituency":"Bury North","region":"D"},
    {"code":"E14000612","constituency":"Bury South","region":"D"},
    {"code":"E14000613","constituency":"Bury St Edmunds","region":"H"},
    {"code":"W07000076","constituency":"Caerphilly","region":"L"},
    {"code":"S14000009","constituency":"Caithness, Sutherland and Easter Ross","region":"M"},
    {"code":"E14000614","constituency":"Calder Valley","region":"E"},
    {"code":"E14000615","constituency":"Camberwell and Peckham","region":"I"},
    {"code":"E14000616","constituency":"Camborne and Redruth","region":"K"},
    {"code":"E14000617","constituency":"Cambridge","region":"H"},
    {"code":"E14000842","constituency":"North East Cambridgeshire","region":"H"},
    {"code":"E14000855","constituency":"North West Cambridgeshire","region":"H"},
    {"code":"E14000934","constituency":"South Cambridgeshire","region":"H"},
    {"code":"E14000937","constituency":"South East Cambridgeshire","region":"H"},
    {"code":"E14000618","constituency":"Cannock Chase","region":"G"},
    {"code":"E14000619","constituency":"Canterbury","region":"J"},
    {"code":"W07000050","constituency":"Cardiff Central","region":"L"},
    {"code":"W07000051","constituency":"Cardiff North","region":"L"},
    {"code":"W07000080","constituency":"Cardiff South and Penarth","region":"L"},
    {"code":"W07000079","constituency":"Cardiff West","region":"L"},
    {"code":"E14000620","constituency":"Carlisle","region":"D"},
    {"code":"W07000067","constituency":"Carmarthen East and Dinefwr","region":"L"},
    {"code":"W07000066","constituency":"Carmarthen West and South Pembrokeshire","region":"L"},
    {"code":"E14000621","constituency":"Carshalton and Wallington","region":"I"},
    {"code":"E14000622","constituency":"Castle Point","region":"H"},
    {"code":"W07000064","constituency":"Ceredigion","region":"L"},
    {"code":"E14000625","constituency":"Charnwood","region":"F"},
    {"code":"E14000626","constituency":"Chatham and Aylesford","region":"J"},
    {"code":"E14000627","constituency":"Cheadle","region":"D"},
    {"code":"E14000628","constituency":"Chelmsford","region":"H"},
    {"code":"E14000629","constituency":"Chelsea and Fulham","region":"I"},
    {"code":"E14000630","constituency":"Cheltenham","region":"K"},
    {"code":"E14000631","constituency":"Chesham and Amersham","region":"J"},
    {"code":"E14000640","constituency":"City of Chester","region":"D"},
    {"code":"E14000632","constituency":"Chesterfield","region":"F"},
    {"code":"E14000633","constituency":"Chichester","region":"J"},
    {"code":"E14000634","constituency":"Chingford and Woodford Green","region":"I"},
    {"code":"E14000635","constituency":"Chippenham","region":"K"},
    {"code":"E14000636","constituency":"Chipping Barnet","region":"I"},
    {"code":"E14000637","constituency":"Chorley","region":"D"},
    {"code":"E14000638","constituency":"Christchurch","region":"K"},
    {"code":"E14000639","constituency":"Cities of London and Westminster","region":"I"},
    {"code":"E14000642","constituency":"Clacton","region":"H"},
    {"code":"E14000643","constituency":"Cleethorpes","region":"E"},
    {"code":"W07000062","constituency":"Clwyd South","region":"L"},
    {"code":"W07000059","constituency":"Clwyd West","region":"L"},
    {"code":"S14000011","constituency":"Coatbridge, Chryston and Bellshill","region":"M"},
    {"code":"E14000644","constituency":"Colchester","region":"H"},
    {"code":"E14000645","constituency":"Colne Valley","region":"E"},
    {"code":"E14000646","constituency":"Congleton","region":"D"},
    {"code":"E14000647","constituency":"Copeland","region":"D"},
    {"code":"E14000648","constituency":"Corby","region":"F"},
    {"code":"E14000837","constituency":"North Cornwall","region":"K"},
    {"code":"E14000938","constituency":"South East Cornwall","region":"K"},
    {"code":"E14000991","constituency":"The Cotswolds","region":"K"},
    {"code":"E14000649","constituency":"Coventry North East","region":"G"},
    {"code":"E14000650","constituency":"Coventry North West","region":"G"},
    {"code":"E14000651","constituency":"Coventry South","region":"G"},
    {"code":"E14000652","constituency":"Crawley","region":"J"},
    {"code":"E14000653","constituency":"Crewe and Nantwich","region":"D"},
    {"code":"E14000654","constituency":"Croydon Central","region":"I"},
    {"code":"E14000655","constituency":"Croydon North","region":"I"},
    {"code":"E14000656","constituency":"Croydon South","region":"I"},
    {"code":"S14000012","constituency":"Cumbernauld, Kilsyth and Kirkintilloch East","region":"M"},
    {"code":"W07000070","constituency":"Cynon Valley","region":"L"},
    {"code":"E14000657","constituency":"Dagenham and Rainham","region":"I"},
    {"code":"E14000658","constituency":"Darlington","region":"C"},
    {"code":"E14000659","constituency":"Dartford","region":"J"},
    {"code":"E14000660","constituency":"Daventry","region":"F"},
    {"code":"W07000042","constituency":"Delyn","region":"L"},
    {"code":"E14000661","constituency":"Denton and Reddish","region":"D"},
    {"code":"E14000662","constituency":"Derby North","region":"F"},
    {"code":"E14000663","constituency":"Derby South","region":"F"},
    {"code":"E14000664","constituency":"Derbyshire Dales","region":"F"},
    {"code":"E14000814","constituency":"Mid Derbyshire","region":"F"},
    {"code":"E14000843","constituency":"North East Derbyshire","region":"F"},
    {"code":"E14000935","constituency":"South Derbyshire","region":"F"},
    {"code":"E14000665","constituency":"Devizes","region":"K"},
    {"code":"E14000623","constituency":"Central Devon","region":"K"},
    {"code":"E14000678","constituency":"East Devon","region":"K"},
    {"code":"E14000838","constituency":"North Devon","region":"K"},
    {"code":"E14000950","constituency":"South West Devon","region":"K"},
    {"code":"E14001000","constituency":"Torridge and West Devon","region":"K"},
    {"code":"E14000666","constituency":"Dewsbury","region":"E"},
    {"code":"E14000667","constituency":"Don Valley","region":"E"},
    {"code":"E14000668","constituency":"Doncaster Central","region":"E"},
    {"code":"E14000669","constituency":"Doncaster North","region":"E"},
    {"code":"E14000815","constituency":"Mid Dorset and North Poole","region":"K"},
    {"code":"E14000839","constituency":"North Dorset","region":"K"},
    {"code":"E14000936","constituency":"South Dorset","region":"K"},
    {"code":"E14001031","constituency":"West Dorset","region":"K"},
    {"code":"E14000670","constituency":"Dover","region":"J"},
    {"code":"E14000671","constituency":"Dudley North","region":"G"},
    {"code":"E14000672","constituency":"Dudley South","region":"G"},
    {"code":"E14000673","constituency":"Dulwich and West Norwood","region":"I"},
    {"code":"S14000013","constituency":"Dumfries and Galloway","region":"M"},
    {"code":"S14000014","constituency":"Dumfriesshire, Clydesdale and Tweeddale","region":"M"},
    {"code":"S14000018","constituency":"East Dunbartonshire","region":"M"},
    {"code":"S14000059","constituency":"West Dunbartonshire","region":"M"},
    {"code":"S14000015","constituency":"Dundee East","region":"M"},
    {"code":"S14000016","constituency":"Dundee West","region":"M"},
    {"code":"S14000017","constituency":"Dunfermline and West Fife","region":"M"},
    {"code":"E14000840","constituency":"North Durham","region":"C"},
    {"code":"E14000856","constituency":"North West Durham","region":"C"},
    {"code":"E14000641","constituency":"City of Durham","region":"C"},
    {"code":"W07000061","constituency":"Dwyfor Meirionnydd","region":"L"},
    {"code":"E14000674","constituency":"Ealing Central and Acton","region":"I"},
    {"code":"E14000675","constituency":"Ealing North","region":"I"},
    {"code":"E14000676","constituency":"Ealing, Southall","region":"I"},
    {"code":"E14000677","constituency":"Easington","region":"C"},
    {"code":"E14000679","constituency":"East Ham","region":"I"},
    {"code":"S14000019","constituency":"East Kilbride, Strathaven and Lesmahagow","region":"M"},
    {"code":"S14000020","constituency":"East Lothian","region":"M"},
    {"code":"E14000684","constituency":"Eastbourne","region":"J"},
    {"code":"E14000685","constituency":"Eastleigh","region":"J"},
    {"code":"E14000686","constituency":"Eddisbury","region":"D"},
    {"code":"S14000022","constituency":"Edinburgh East","region":"M"},
    {"code":"S14000023","constituency":"Edinburgh North and Leith","region":"M"},
    {"code":"S14000024","constituency":"Edinburgh South","region":"M"},
    {"code":"S14000025","constituency":"Edinburgh South West","region":"M"},
    {"code":"S14000026","constituency":"Edinburgh West","region":"M"},
    {"code":"E14000687","constituency":"Edmonton","region":"I"},
    {"code":"E14000688","constituency":"Ellesmere Port and Neston","region":"D"},
    {"code":"E14000689","constituency":"Elmet and Rothwell","region":"E"},
    {"code":"E14000690","constituency":"Eltham","region":"I"},
    {"code":"E14000691","constituency":"Enfield North","region":"I"},
    {"code":"E14000692","constituency":"Enfield, Southgate","region":"I"},
    {"code":"E14000693","constituency":"Epping Forest","region":"H"},
    {"code":"E14000694","constituency":"Epsom and Ewell","region":"J"},
    {"code":"E14000695","constituency":"Erewash","region":"F"},
    {"code":"E14000696","constituency":"Erith and Thamesmead","region":"I"},
    {"code":"E14000697","constituency":"Esher and Walton","region":"J"},
    {"code":"E14000698","constituency":"Exeter","region":"K"},
    {"code":"S14000028","constituency":"Falkirk","region":"M"},
    {"code":"E14000699","constituency":"Fareham","region":"J"},
    {"code":"E14000700","constituency":"Faversham and Mid Kent","region":"J"},
    {"code":"E14000701","constituency":"Feltham and Heston","region":"I"},
    {"code":"S14000049","constituency":"North East Fife","region":"M"},
    {"code":"E14000702","constituency":"Filton and Bradley Stoke","region":"K"},
    {"code":"E14000703","constituency":"Finchley and Golders Green","region":"I"},
    {"code":"E14000704","constituency":"Folkestone and Hythe","region":"J"},
    {"code":"E14000705","constituency":"Forest of Dean","region":"K"},
    {"code":"E14000706","constituency":"Fylde","region":"D"},
    {"code":"E14000707","constituency":"Gainsborough","region":"F"},
    {"code":"E14000708","constituency":"Garston and Halewood","region":"D"},
    {"code":"E14000709","constituency":"Gateshead","region":"C"},
    {"code":"E14000710","constituency":"Gedling","region":"F"},
    {"code":"E14000711","constituency":"Gillingham and Rainham","region":"J"},
    {"code":"S14000029","constituency":"Glasgow Central","region":"M"},
    {"code":"S14000030","constituency":"Glasgow East","region":"M"},
    {"code":"S14000031","constituency":"Glasgow North","region":"M"},
    {"code":"S14000032","constituency":"Glasgow North East","region":"M"},
    {"code":"S14000033","constituency":"Glasgow North West","region":"M"},
    {"code":"S14000034","constituency":"Glasgow South","region":"M"},
    {"code":"S14000035","constituency":"Glasgow South West","region":"M"},
    {"code":"S14000036","constituency":"Glenrothes","region":"M"},
    {"code":"E14000712","constituency":"Gloucester","region":"K"},
    {"code":"S14000037","constituency":"Gordon","region":"M"},
    {"code":"E14000713","constituency":"Gosport","region":"J"},
    {"code":"W07000046","constituency":"Gower","region":"L"},
    {"code":"E14000714","constituency":"Grantham and Stamford","region":"F"},
    {"code":"E14000715","constituency":"Gravesham","region":"J"},
    {"code":"E14000716","constituency":"Great Grimsby","region":"E"},
    {"code":"E14000717","constituency":"Great Yarmouth","region":"H"},
    {"code":"E14000718","constituency":"Greenwich and Woolwich","region":"I"},
    {"code":"E14000719","constituency":"Guildford","region":"J"},
    {"code":"E14000720","constituency":"Hackney North and Stoke Newington","region":"I"},
    {"code":"E14000721","constituency":"Hackney South and Shoreditch","region":"I"},
    {"code":"E14000722","constituency":"Halesowen and Rowley Regis","region":"G"},
    {"code":"E14000723","constituency":"Halifax","region":"E"},
    {"code":"E14000724","constituency":"Haltemprice and Howden","region":"E"},
    {"code":"E14000725","constituency":"Halton","region":"D"},
    {"code":"E14000726","constituency":"Hammersmith","region":"I"},
    {"code":"E14000680","constituency":"East Hampshire","region":"J"},
    {"code":"E14000844","constituency":"North East Hampshire","region":"J"},
    {"code":"E14000857","constituency":"North West Hampshire","region":"J"},
    {"code":"E14000727","constituency":"Hampstead and Kilburn","region":"I"},
    {"code":"E14000728","constituency":"Harborough","region":"F"},
    {"code":"E14000729","constituency":"Harlow","region":"H"},
    {"code":"E14000730","constituency":"Harrogate and Knaresborough","region":"E"},
    {"code":"E14000731","constituency":"Harrow East","region":"I"},
    {"code":"E14000732","constituency":"Harrow West","region":"I"},
    {"code":"E14000733","constituency":"Hartlepool","region":"C"},
    {"code":"E14000734","constituency":"Harwich and North Essex","region":"H"},
    {"code":"E14000735","constituency":"Hastings and Rye","region":"J"},
    {"code":"E14000736","constituency":"Havant","region":"J"},
    {"code":"E14000737","constituency":"Hayes and Harlington","region":"I"},
    {"code":"E14000738","constituency":"Hazel Grove","region":"D"},
    {"code":"E14000739","constituency":"Hemel Hempstead","region":"H"},
    {"code":"E14000740","constituency":"Hemsworth","region":"E"},
    {"code":"E14000741","constituency":"Hendon","region":"I"},
    {"code":"E14000742","constituency":"Henley","region":"J"},
    {"code":"E14000743","constituency":"Hereford and South Herefordshire","region":"G"},
    {"code":"E14000847","constituency":"North Herefordshire","region":"G"},
    {"code":"E14000744","constituency":"Hertford and Stortford","region":"H"},
    {"code":"E14000845","constituency":"North East Hertfordshire","region":"H"},
    {"code":"E14000951","constituency":"South West Hertfordshire","region":"H"},
    {"code":"E14000745","constituency":"Hertsmere","region":"H"},
    {"code":"E14000746","constituency":"Hexham","region":"C"},
    {"code":"E14000747","constituency":"Heywood and Middleton","region":"D"},
    {"code":"E14000748","constituency":"High Peak","region":"F"},
    {"code":"E14000749","constituency":"Hitchin and Harpenden","region":"H"},
    {"code":"E14000750","constituency":"Holborn and St Pancras","region":"I"},
    {"code":"E14000751","constituency":"Hornchurch and Upminster","region":"I"},
    {"code":"E14000752","constituency":"Hornsey and Wood Green","region":"I"},
    {"code":"E14000753","constituency":"Horsham","region":"J"},
    {"code":"E14000754","constituency":"Houghton and Sunderland South","region":"C"},
    {"code":"E14000755","constituency":"Hove","region":"J"},
    {"code":"E14000756","constituency":"Huddersfield","region":"E"},
    {"code":"E14000771","constituency":"Kingston upon Hull East","region":"E"},
    {"code":"E14000772","constituency":"Kingston upon Hull North","region":"E"},
    {"code":"E14000773","constituency":"Kingston upon Hull West and Hessle","region":"E"},
    {"code":"E14000757","constituency":"Huntingdon","region":"H"},
    {"code":"E14000758","constituency":"Hyndburn","region":"D"},
    {"code":"E14000759","constituency":"Ilford North","region":"I"},
    {"code":"E14000760","constituency":"Ilford South","region":"I"},
    {"code":"S14000038","constituency":"Inverclyde","region":"M"},
    {"code":"S14000039","constituency":"Inverness, Nairn, Badenoch and Strathspey","region":"M"},
    {"code":"E14000761","constituency":"Ipswich","region":"H"},
    {"code":"E14000762","constituency":"Isle of Wight","region":"J"},
    {"code":"E14000763","constituency":"Islington North","region":"I"},
    {"code":"E14000764","constituency":"Islington South and Finsbury","region":"I"},
    {"code":"W07000077","constituency":"Islwyn","region":"L"},
    {"code":"E14000765","constituency":"Jarrow","region":"C"},
    {"code":"E14000766","constituency":"Keighley","region":"E"},
    {"code":"E14000767","constituency":"Kenilworth and Southam","region":"G"},
    {"code":"E14000768","constituency":"Kensington","region":"I"},
    {"code":"E14000769","constituency":"Kettering","region":"F"},
    {"code":"S14000040","constituency":"Kilmarnock and Loudoun","region":"M"},
    {"code":"E14000770","constituency":"Kingston and Surbiton","region":"I"},
    {"code":"E14000774","constituency":"Kingswood","region":"K"},
    {"code":"S14000041","constituency":"Kirkcaldy and Cowdenbeath","region":"M"},
    {"code":"E14000775","constituency":"Knowsley","region":"D"},
    {"code":"S14000042","constituency":"Lanark and Hamilton East","region":"M"},
    {"code":"E14001033","constituency":"West Lancashire","region":"D"},
    {"code":"E14000776","constituency":"Lancaster and Fleetwood","region":"D"},
    {"code":"E14000777","constituency":"Leeds Central","region":"E"},
    {"code":"E14000778","constituency":"Leeds East","region":"E"},
    {"code":"E14000779","constituency":"Leeds North East","region":"E"},
    {"code":"E14000780","constituency":"Leeds North West","region":"E"},
    {"code":"E14000781","constituency":"Leeds West","region":"E"},
    {"code":"E14000782","constituency":"Leicester East","region":"F"},
    {"code":"E14000783","constituency":"Leicester South","region":"F"},
    {"code":"E14000784","constituency":"Leicester West","region":"F"},
    {"code":"E14000858","constituency":"North West Leicestershire","region":"F"},
    {"code":"E14000940","constituency":"South Leicestershire","region":"F"},
    {"code":"E14000785","constituency":"Leigh","region":"D"},
    {"code":"E14000786","constituency":"Lewes","region":"J"},
    {"code":"E14000789","constituency":"Lewisham, Deptford","region":"I"},
    {"code":"E14000787","constituency":"Lewisham East","region":"I"},
    {"code":"E14000788","constituency":"Lewisham West and Penge","region":"I"},
    {"code":"E14000790","constituency":"Leyton and Wanstead","region":"I"},
    {"code":"E14000791","constituency":"Lichfield","region":"G"},
    {"code":"E14000792","constituency":"Lincoln","region":"F"},
    {"code":"S14000043","constituency":"Linlithgow and East Falkirk","region":"M"},
    {"code":"E14000793","constituency":"Liverpool, Riverside","region":"D"},
    {"code":"E14000794","constituency":"Liverpool, Walton","region":"D"},
    {"code":"E14000795","constituency":"Liverpool, Wavertree","region":"D"},
    {"code":"E14000796","constituency":"Liverpool, West Derby","region":"D"},
    {"code":"S14000044","constituency":"Livingston","region":"M"},
    {"code":"W07000045","constituency":"Llanelli","region":"L"},
    {"code":"E14000797","constituency":"Loughborough","region":"F"},
    {"code":"E14000798","constituency":"Louth and Horncastle","region":"F"},
    {"code":"E14000799","constituency":"Ludlow","region":"G"},
    {"code":"E14000800","constituency":"Luton North","region":"H"},
    {"code":"E14000801","constituency":"Luton South","region":"H"},
    {"code":"E14000802","constituency":"Macclesfield","region":"D"},
    {"code":"E14000803","constituency":"Maidenhead","region":"J"},
    {"code":"E14000804","constituency":"Maidstone and The Weald","region":"J"},
    {"code":"E14000805","constituency":"Makerfield","region":"D"},
    {"code":"E14000806","constituency":"Maldon","region":"H"},
    {"code":"E14000807","constituency":"Manchester Central","region":"D"},
    {"code":"E14000808","constituency":"Manchester, Gorton","region":"D"},
    {"code":"E14000809","constituency":"Manchester, Withington","region":"D"},
    {"code":"E14000810","constituency":"Mansfield","region":"F"},
    {"code":"E14000811","constituency":"Meon Valley","region":"J"},
    {"code":"E14000812","constituency":"Meriden","region":"G"},
    {"code":"W07000071","constituency":"Merthyr Tydfil and Rhymney","region":"L"},
    {"code":"E14000819","constituency":"Middlesbrough","region":"C"},
    {"code":"E14000820","constituency":"Middlesbrough South and East Cleveland","region":"C"},
    {"code":"S14000045","constituency":"Midlothian","region":"M"},
    {"code":"E14000821","constituency":"Milton Keynes North","region":"J"},
    {"code":"E14000822","constituency":"Milton Keynes South","region":"J"},
    {"code":"E14000823","constituency":"Mitcham and Morden","region":"I"},
    {"code":"E14000824","constituency":"Mole Valley","region":"J"},
    {"code":"W07000054","constituency":"Monmouth","region":"L"},
    {"code":"W07000063","constituency":"Montgomeryshire","region":"L"},
    {"code":"S14000046","constituency":"Moray","region":"M"},
    {"code":"E14000825","constituency":"Morecambe and Lunesdale","region":"D"},
    {"code":"E14000826","constituency":"Morley and Outwood","region":"E"},
    {"code":"S14000047","constituency":"Motherwell and Wishaw","region":"M"},
    {"code":"S14000027","constituency":"Na h-Eileanan An Iar","region":"M"},
    {"code":"W07000069","constituency":"Neath","region":"L"},
    {"code":"E14000827","constituency":"New Forest East","region":"J"},
    {"code":"E14000828","constituency":"New Forest West","region":"J"},
    {"code":"E14000829","constituency":"Newark","region":"F"},
    {"code":"E14000830","constituency":"Newbury","region":"J"},
    {"code":"E14000831","constituency":"Newcastle upon Tyne Central","region":"C"},
    {"code":"E14000832","constituency":"Newcastle upon Tyne East","region":"C"},
    {"code":"E14000833","constituency":"Newcastle upon Tyne North","region":"C"},
    {"code":"E14000834","constituency":"Newcastle-under-Lyme","region":"G"},
    {"code":"W07000055","constituency":"Newport East","region":"L"},
    {"code":"W07000056","constituency":"Newport West","region":"L"},
    {"code":"E14000835","constituency":"Newton Abbot","region":"K"},
    {"code":"E14000816","constituency":"Mid Norfolk","region":"H"},
    {"code":"E14000848","constituency":"North Norfolk","region":"H"},
    {"code":"E14000859","constituency":"North West Norfolk","region":"H"},
    {"code":"E14000941","constituency":"South Norfolk","region":"H"},
    {"code":"E14000952","constituency":"South West Norfolk","region":"H"},
    {"code":"E14000836","constituency":"Normanton, Pontefract and Castleford","region":"E"},
    {"code":"E14000861","constituency":"Northampton North","region":"F"},
    {"code":"E14000862","constituency":"Northampton South","region":"F"},
    {"code":"E14000942","constituency":"South Northamptonshire","region":"F"},
    {"code":"E14000863","constituency":"Norwich North","region":"H"},
    {"code":"E14000864","constituency":"Norwich South","region":"H"},
    {"code":"E14000865","constituency":"Nottingham East","region":"F"},
    {"code":"E14000866","constituency":"Nottingham North","region":"F"},
    {"code":"E14000867","constituency":"Nottingham South","region":"F"},
    {"code":"E14000868","constituency":"Nuneaton","region":"G"},
    {"code":"S14000050","constituency":"Ochil and South Perthshire","region":"M"},
    {"code":"W07000074","constituency":"Ogmore","region":"L"},
    {"code":"E14000869","constituency":"Old Bexley and Sidcup","region":"I"},
    {"code":"E14000870","constituency":"Oldham East and Saddleworth","region":"D"},
    {"code":"E14000871","constituency":"Oldham West and Royton","region":"D"},
    {"code":"S14000051","constituency":"Orkney and Shetland","region":"M"},
    {"code":"E14000872","constituency":"Orpington","region":"I"},
    {"code":"E14000873","constituency":"Oxford East","region":"J"},
    {"code":"E14000874","constituency":"Oxford West and Abingdon","region":"J"},
    {"code":"S14000052","constituency":"Paisley and Renfrewshire North","region":"M"},
    {"code":"S14000053","constituency":"Paisley and Renfrewshire South","region":"M"},
    {"code":"E14000875","constituency":"Pendle","region":"D"},
    {"code":"E14000876","constituency":"Penistone and Stocksbridge","region":"E"},
    {"code":"E14000877","constituency":"Penrith and The Border","region":"D"},
    {"code":"S14000054","constituency":"Perth and North Perthshire","region":"M"},
    {"code":"E14000878","constituency":"Peterborough","region":"H"},
    {"code":"E14000879","constituency":"Plymouth, Moor View","region":"K"},
    {"code":"E14000880","constituency":"Plymouth, Sutton and Devonport","region":"K"},
    {"code":"W07000075","constituency":"Pontypridd","region":"L"},
    {"code":"E14000881","constituency":"Poole","region":"K"},
    {"code":"E14000882","constituency":"Poplar and Limehouse","region":"I"},
    {"code":"E14000883","constituency":"Portsmouth North","region":"J"},
    {"code":"E14000884","constituency":"Portsmouth South","region":"J"},
    {"code":"W07000065","constituency":"Preseli Pembrokeshire","region":"L"},
    {"code":"E14000885","constituency":"Preston","region":"D"},
    {"code":"E14000886","constituency":"Pudsey","region":"E"},
    {"code":"E14000887","constituency":"Putney","region":"I"},
    {"code":"E14000888","constituency":"Rayleigh and Wickford","region":"H"},
    {"code":"E14000889","constituency":"Reading East","region":"J"},
    {"code":"E14000890","constituency":"Reading West","region":"J"},
    {"code":"E14000891","constituency":"Redcar","region":"C"},
    {"code":"E14000892","constituency":"Redditch","region":"G"},
    {"code":"E14000893","constituency":"Reigate","region":"J"},
    {"code":"S14000021","constituency":"East Renfrewshire","region":"M"},
    {"code":"W07000052","constituency":"Rhondda","region":"L"},
    {"code":"E14000943","constituency":"South Ribble","region":"D"},
    {"code":"E14000894","constituency":"Ribble Valley","region":"D"},
    {"code":"E14000895","constituency":"Richmond (Yorks)","region":"E"},
    {"code":"E14000896","constituency":"Richmond Park","region":"I"},
    {"code":"E14000897","constituency":"Rochdale","region":"D"},
    {"code":"E14000898","constituency":"Rochester and Strood","region":"J"},
    {"code":"E14000899","constituency":"Rochford and Southend East","region":"H"},
    {"code":"E14000900","constituency":"Romford","region":"I"},
    {"code":"E14000901","constituency":"Romsey and Southampton North","region":"J"},
    {"code":"S14000055","constituency":"Ross, Skye and Lochaber","region":"M"},
    {"code":"E14000902","constituency":"Rossendale and Darwen","region":"D"},
    {"code":"E14000903","constituency":"Rother Valley","region":"E"},
    {"code":"E14000904","constituency":"Rotherham","region":"E"},
    {"code":"E14000905","constituency":"Rugby","region":"G"},
    {"code":"E14000906","constituency":"Ruislip, Northwood and Pinner","region":"I"},
    {"code":"E14000907","constituency":"Runnymede and Weybridge","region":"J"},
    {"code":"E14000908","constituency":"Rushcliffe","region":"F"},
    {"code":"S14000056","constituency":"Rutherglen and Hamilton West","region":"M"},
    {"code":"E14000909","constituency":"Rutland and Melton","region":"F"},
    {"code":"E14000910","constituency":"Saffron Walden","region":"H"},
    {"code":"E14000911","constituency":"Salford and Eccles","region":"D"},
    {"code":"E14000912","constituency":"Salisbury","region":"K"},
    {"code":"E14000913","constituency":"Scarborough and Whitby","region":"E"},
    {"code":"E14000914","constituency":"Scunthorpe","region":"E"},
    {"code":"E14000915","constituency":"Sedgefield","region":"C"},
    {"code":"E14000916","constituency":"Sefton Central","region":"D"},
    {"code":"E14000917","constituency":"Selby and Ainsty","region":"E"},
    {"code":"E14000918","constituency":"Sevenoaks","region":"J"},
    {"code":"E14000921","constituency":"Sheffield, Brightside and Hillsborough","region":"E"},
    {"code":"E14000919","constituency":"Sheffield Central","region":"E"},
    {"code":"E14000922","constituency":"Sheffield, Hallam","region":"E"},
    {"code":"E14000923","constituency":"Sheffield, Heeley","region":"E"},
    {"code":"E14000920","constituency":"Sheffield South East","region":"E"},
    {"code":"E14000924","constituency":"Sherwood","region":"F"},
    {"code":"E14000925","constituency":"Shipley","region":"E"},
    {"code":"E14000926","constituency":"Shrewsbury and Atcham","region":"G"},
    {"code":"E14000849","constituency":"North Shropshire","region":"G"},
    {"code":"E14000927","constituency":"Sittingbourne and Sheppey","region":"J"},
    {"code":"E14000928","constituency":"Skipton and Ripon","region":"E"},
    {"code":"E14000929","constituency":"Sleaford and North Hykeham","region":"F"},
    {"code":"E14000930","constituency":"Slough","region":"J"},
    {"code":"E14000931","constituency":"Solihull","region":"G"},
    {"code":"E14000850","constituency":"North Somerset","region":"K"},
    {"code":"E14000846","constituency":"North East Somerset","region":"K"},
    {"code":"E14000932","constituency":"Somerton and Frome","region":"K"},
    {"code":"E14000939","constituency":"South Holland and The Deepings","region":"F"},
    {"code":"E14000944","constituency":"South Shields","region":"C"},
    {"code":"E14000955","constituency":"Southampton, Itchen","region":"J"},
    {"code":"E14000956","constituency":"Southampton, Test","region":"J"},
    {"code":"E14000957","constituency":"Southend West","region":"H"},
    {"code":"E14000958","constituency":"Southport","region":"D"},
    {"code":"E14000959","constituency":"Spelthorne","region":"J"},
    {"code":"E14000960","constituency":"St Albans","region":"H"},
    {"code":"E14000961","constituency":"St Austell and Newquay","region":"K"},
    {"code":"E14000962","constituency":"St Helens North","region":"D"},
    {"code":"E14000963","constituency":"St Helens South and Whiston","region":"D"},
    {"code":"E14000964","constituency":"St Ives","region":"K"},
    {"code":"E14000965","constituency":"Stafford","region":"G"},
    {"code":"E14000966","constituency":"Staffordshire Moorlands","region":"G"},
    {"code":"E14000945","constituency":"South Staffordshire","region":"G"},
    {"code":"E14000967","constituency":"Stalybridge and Hyde","region":"D"},
    {"code":"E14000968","constituency":"Stevenage","region":"H"},
    {"code":"S14000057","constituency":"Stirling","region":"M"},
    {"code":"E14000969","constituency":"Stockport","region":"D"},
    {"code":"E14000970","constituency":"Stockton North","region":"C"},
    {"code":"E14000971","constituency":"Stockton South","region":"C"},
    {"code":"E14000972","constituency":"Stoke-on-Trent Central","region":"G"},
    {"code":"E14000973","constituency":"Stoke-on-Trent North","region":"G"},
    {"code":"E14000974","constituency":"Stoke-on-Trent South","region":"G"},
    {"code":"E14000975","constituency":"Stone","region":"G"},
    {"code":"E14000976","constituency":"Stourbridge","region":"G"},
    {"code":"E14000977","constituency":"Stratford-on-Avon","region":"G"},
    {"code":"E14000978","constituency":"Streatham","region":"I"},
    {"code":"E14000979","constituency":"Stretford and Urmston","region":"D"},
    {"code":"E14000980","constituency":"Stroud","region":"K"},
    {"code":"E14000624","constituency":"Central Suffolk and North Ipswich","region":"H"},
    {"code":"E14000981","constituency":"Suffolk Coastal","region":"H"},
    {"code":"E14000946","constituency":"South Suffolk","region":"H"},
    {"code":"E14001034","constituency":"West Suffolk","region":"H"},
    {"code":"E14000982","constituency":"Sunderland Central","region":"C"},
    {"code":"E14000681","constituency":"East Surrey","region":"J"},
    {"code":"E14000983","constituency":"Surrey Heath","region":"J"},
    {"code":"E14000953","constituency":"South West Surrey","region":"J"},
    {"code":"E14000817","constituency":"Mid Sussex","region":"J"},
    {"code":"E14000984","constituency":"Sutton and Cheam","region":"I"},
    {"code":"E14000985","constituency":"Sutton Coldfield","region":"G"},
    {"code":"W07000048","constituency":"Swansea East","region":"L"},
    {"code":"W07000047","constituency":"Swansea West","region":"L"},
    {"code":"E14000851","constituency":"North Swindon","region":"K"},
    {"code":"E14000947","constituency":"South Swindon","region":"K"},
    {"code":"E14000986","constituency":"Tamworth","region":"G"},
    {"code":"E14000987","constituency":"Tatton","region":"D"},
    {"code":"E14000988","constituency":"Taunton Deane","region":"K"},
    {"code":"E14000989","constituency":"Telford","region":"G"},
    {"code":"E14000990","constituency":"Tewkesbury","region":"K"},
    {"code":"E14000852","constituency":"North Thanet","region":"J"},
    {"code":"E14000948","constituency":"South Thanet","region":"J"},
    {"code":"E14000993","constituency":"Thirsk and Malton","region":"E"},
    {"code":"E14000994","constituency":"Thornbury and Yate","region":"K"},
    {"code":"E14000995","constituency":"Thurrock","region":"H"},
    {"code":"E14000996","constituency":"Tiverton and Honiton","region":"K"},
    {"code":"E14000997","constituency":"Tonbridge and Malling","region":"J"},
    {"code":"E14000998","constituency":"Tooting","region":"I"},
    {"code":"E14000999","constituency":"Torbay","region":"K"},
    {"code":"W07000053","constituency":"Torfaen","region":"L"},
    {"code":"E14001001","constituency":"Totnes","region":"K"},
    {"code":"E14001002","constituency":"Tottenham","region":"I"},
    {"code":"E14001003","constituency":"Truro and Falmouth","region":"K"},
    {"code":"E14001004","constituency":"Tunbridge Wells","region":"J"},
    {"code":"E14001005","constituency":"Twickenham","region":"I"},
    {"code":"E14001006","constituency":"Tynemouth","region":"C"},
    {"code":"E14000853","constituency":"North Tyneside","region":"C"},
    {"code":"E14001007","constituency":"Uxbridge and South Ruislip","region":"I"},
    {"code":"W07000060","constituency":"Vale of Clwyd","region":"L"},
    {"code":"W07000078","constituency":"Vale of Glamorgan","region":"L"},
    {"code":"E14001008","constituency":"Vauxhall","region":"I"},
    {"code":"E14001009","constituency":"Wakefield","region":"E"},
    {"code":"E14001010","constituency":"Wallasey","region":"D"},
    {"code":"E14001011","constituency":"Walsall North","region":"G"},
    {"code":"E14001012","constituency":"Walsall South","region":"G"},
    {"code":"E14001013","constituency":"Walthamstow","region":"I"},
    {"code":"E14001014","constituency":"Wansbeck","region":"C"},
    {"code":"E14001015","constituency":"Wantage","region":"J"},
    {"code":"E14001016","constituency":"Warley","region":"G"},
    {"code":"E14001017","constituency":"Warrington North","region":"D"},
    {"code":"E14001018","constituency":"Warrington South","region":"D"},
    {"code":"E14001019","constituency":"Warwick and Leamington","region":"G"},
    {"code":"E14000854","constituency":"North Warwickshire","region":"G"},
    {"code":"E14001020","constituency":"Washington and Sunderland West","region":"C"},
    {"code":"E14001021","constituency":"Watford","region":"H"},
    {"code":"E14001022","constituency":"Waveney","region":"H"},
    {"code":"E14001023","constituency":"Wealden","region":"J"},
    {"code":"E14001024","constituency":"Weaver Vale","region":"D"},
    {"code":"E14001025","constituency":"Wellingborough","region":"F"},
    {"code":"E14001026","constituency":"Wells","region":"K"},
    {"code":"E14001027","constituency":"Welwyn Hatfield","region":"H"},
    {"code":"E14001028","constituency":"Wentworth and Dearne","region":"E"},
    {"code":"E14001029","constituency":"West Bromwich East","region":"G"},
    {"code":"E14001030","constituency":"West Bromwich West","region":"G"},
    {"code":"E14001032","constituency":"West Ham","region":"I"},
    {"code":"E14001036","constituency":"Westminster North","region":"I"},
    {"code":"E14001037","constituency":"Westmorland and Lonsdale","region":"D"},
    {"code":"E14001038","constituency":"Weston-Super-Mare","region":"K"},
    {"code":"E14001039","constituency":"Wigan","region":"D"},
    {"code":"E14000860","constituency":"North Wiltshire","region":"K"},
    {"code":"E14000954","constituency":"South West Wiltshire","region":"K"},
    {"code":"E14001040","constituency":"Wimbledon","region":"I"},
    {"code":"E14001041","constituency":"Winchester","region":"J"},
    {"code":"E14001042","constituency":"Windsor","region":"J"},
    {"code":"E14001043","constituency":"Wirral South","region":"D"},
    {"code":"E14001044","constituency":"Wirral West","region":"D"},
    {"code":"E14001045","constituency":"Witham","region":"H"},
    {"code":"E14001046","constituency":"Witney","region":"J"},
    {"code":"E14001047","constituency":"Woking","region":"J"},
    {"code":"E14001048","constituency":"Wokingham","region":"J"},
    {"code":"E14001049","constituency":"Wolverhampton North East","region":"G"},
    {"code":"E14001050","constituency":"Wolverhampton South East","region":"G"},
    {"code":"E14001051","constituency":"Wolverhampton South West","region":"G"},
    {"code":"E14001052","constituency":"Worcester","region":"G"},
    {"code":"E14000818","constituency":"Mid Worcestershire","region":"G"},
    {"code":"E14001035","constituency":"West Worcestershire","region":"G"},
    {"code":"E14001053","constituency":"Workington","region":"D"},
    {"code":"E14001054","constituency":"Worsley and Eccles South","region":"D"},
    {"code":"E14000682","constituency":"East Worthing and Shoreham","region":"J"},
    {"code":"E14001055","constituency":"Worthing West","region":"J"},
    {"code":"E14000992","constituency":"The Wrekin","region":"G"},
    {"code":"W07000044","constituency":"Wrexham","region":"L"},
    {"code":"E14001056","constituency":"Wycombe","region":"J"},
    {"code":"E14001057","constituency":"Wyre and Preston North","region":"D"},
    {"code":"E14001058","constituency":"Wyre Forest","region":"G"},
    {"code":"E14001059","constituency":"Wythenshawe and Sale East","region":"D"},
    {"code":"E14001060","constituency":"Yeovil","region":"K"},
    {"code":"W07000041","constituency":"Ynys Môn","region":"L"},
    {"code":"E14001061","constituency":"York Central","region":"E"},
    {"code":"E14001062","constituency":"York Outer","region":"E"},
    {"code":"E14000683","constituency":"East Yorkshire","region":"E"},
    {"code":"N06000001","constituency":"Belfast East","region":"N"},
    {"code":"N06000002","constituency":"Belfast North","region":"N"},
    {"code":"N06000003","constituency":"Belfast South","region":"N"},
    {"code":"N06000004","constituency":"Belfast West","region":"N"},
    {"code":"N06000005","constituency":"East Antrim","region":"N"},
    {"code":"N06000006","constituency":"East Londonderry","region":"N"},
    {"code":"N06000007","constituency":"Fermanagh and South Tyrone","region":"N"},
    {"code":"N06000008","constituency":"Foyle","region":"N"},
    {"code":"N06000009","constituency":"Lagan Valley","region":"N"},
    {"code":"N06000010","constituency":"Mid Ulster","region":"N"},
    {"code":"N06000011","constituency":"Newry and Armagh","region":"N"},
    {"code":"N06000012","constituency":"North Antrim","region":"N"},
    {"code":"N06000013","constituency":"North Down","region":"N"},
    {"code":"N06000014","constituency":"South Antrim","region":"N"},
    {"code":"N06000015","constituency":"South Down","region":"N"},
    {"code":"N06000016","constituency":"Strangford","region":"N"},
    {"code":"N06000017","constituency":"Upper Bann","region":"N"},
    {"code":"N06000018","constituency":"West Tyrone","region":"N"}
    ]
}