[
{"constituency":"Aberavon","region":"UKL"},
{"constituency":"Aberconwy","region":"UKL"},
{"constituency":"Aberdeen North","region":"UKM"},
{"constituency":"Aberdeen South","region":"UKM"},
{"constituency":"West Aberdeenshire and Kincardine","region":"UKM"},
{"constituency":"Airdrie and Shotts","region":"UKM"},
{"constituency":"Aldershot","region":"UKJ"},
{"constituency":"Aldridge-Brownhills","region":"UKG"},
{"constituency":"Altrincham and Sale West","region":"UKD"},
{"constituency":"Alyn and Deeside","region":"UKL"},
{"constituency":"Amber Valley","region":"UKF"},
{"constituency":"Angus","region":"UKM"},
{"constituency":"Arfon","region":"UKL"},
{"constituency":"Argyll and Bute","region":"UKM"},
{"constituency":"Arundel and South Downs","region":"UKJ"},
{"constituency":"Ashfield","region":"UKF"},
{"constituency":"Ashford","region":"UKJ"},
{"constituency":"Ashton-under-Lyne","region":"UKD"},
{"constituency":"Aylesbury","region":"UKJ"},
{"constituency":"Ayr, Carrick and Cumnock","region":"UKM"},
{"constituency":"Central Ayrshire","region":"UKM"},
{"constituency":"North Ayrshire and Arran","region":"UKM"},
{"constituency":"Banbury","region":"UKJ"},
{"constituency":"Banff and Buchan","region":"UKM"},
{"constituency":"Barking","region":"UKI"},
{"constituency":"Barnsley Central","region":"UKE"},
{"constituency":"Barnsley East","region":"UKE"},
{"constituency":"Barrow and Furness","region":"UKD"},
{"constituency":"Basildon and Billericay","region":"UKH"},
{"constituency":"South Basildon and East Thurrock","region":"UKH"},
{"constituency":"Basingstoke","region":"UKJ"},
{"constituency":"Bassetlaw","region":"UKF"},
{"constituency":"Bath","region":"UKK"},
{"constituency":"Batley and Spen","region":"UKE"},
{"constituency":"Battersea","region":"UKI"},
{"constituency":"Beaconsfield","region":"UKJ"},
{"constituency":"Beckenham","region":"UKI"},
{"constituency":"Bedford","region":"UKH"},
{"constituency":"Mid Bedfordshire","region":"UKH"},
{"constituency":"North East Bedfordshire","region":"UKH"},
{"constituency":"South West Bedfordshire","region":"UKH"},
{"constituency":"Bermondsey and Old Southwark","region":"UKI"},
{"constituency":"Berwick-upon-Tweed","region":"UKM"},
{"constituency":"Berwickshire, Roxburgh and Selkirk","region":"UKC"},
{"constituency":"Bethnal Green and Bow","region":"UKI"},
{"constituency":"Beverley and Holderness","region":"UKE"},
{"constituency":"Bexhill and Battle","region":"UKJ"},
{"constituency":"Bexleyheath and Crayford","region":"UKI"},
{"constituency":"Birkenhead","region":"UKD"},
{"constituency":"Birmingham, Edgbaston","region":"UKG"},
{"constituency":"Birmingham, Erdington","region":"UKG"},
{"constituency":"Birmingham, Hall Green","region":"UKG"},
{"constituency":"Birmingham, Hodge Hill","region":"UKG"},
{"constituency":"Birmingham, Ladywood","region":"UKG"},
{"constituency":"Birmingham, Northfield","region":"UKG"},
{"constituency":"Birmingham, Perry Barr","region":"UKG"},
{"constituency":"Birmingham, Selly Oak","region":"UKG"},
{"constituency":"Birmingham, Yardley","region":"UKG"},
{"constituency":"Bishop Auckland","region":"UKC"},
{"constituency":"Blackburn","region":"UKD"},
{"constituency":"Blackley and Broughton","region":"UKD"},
{"constituency":"Blackpool North and Cleveleys","region":"UKD"},
{"constituency":"Blackpool South","region":"UKD"},
{"constituency":"Blaenau Gwent","region":"UKL"},
{"constituency":"Blaydon","region":"UKC"},
{"constituency":"Blyth Valley","region":"UKC"},
{"constituency":"Bognor Regis and Littlehampton","region":"UKJ"},
{"constituency":"Bolsover","region":"UKF"},
{"constituency":"Bolton North East","region":"UKD"},
{"constituency":"Bolton South East","region":"UKD"},
{"constituency":"Bolton West","region":"UKD"},
{"constituency":"Bootle","region":"UKD"},
{"constituency":"Boston and Skegness","region":"UKF"},
{"constituency":"Bosworth","region":"UKF"},
{"constituency":"Bournemouth East","region":"UKK"},
{"constituency":"Bournemouth West","region":"UKK"},
{"constituency":"Bracknell","region":"UKJ"},
{"constituency":"Bradford East","region":"UKE"},
{"constituency":"Bradford South","region":"UKE"},
{"constituency":"Bradford West","region":"UKE"},
{"constituency":"Braintree","region":"UKH"},
{"constituency":"Brecon and Radnorshire","region":"UKL"},
{"constituency":"Brent Central","region":"UKI"},
{"constituency":"Brent North","region":"UKI"},
{"constituency":"Brentford and Isleworth","region":"UKI"},
{"constituency":"Brentwood and Ongar","region":"UKH"},
{"constituency":"Bridgend","region":"UKL"},
{"constituency":"Bridgwater and West Somerset","region":"UKK"},
{"constituency":"Brigg and Goole","region":"UKE"},
{"constituency":"Brighton, Kemptown","region":"UKJ"},
{"constituency":"Brighton, Pavilion","region":"UKJ"},
{"constituency":"Bristol East","region":"UKK"},
{"constituency":"Bristol North West","region":"UKK"},
{"constituency":"Bristol South","region":"UKK"},
{"constituency":"Bristol West","region":"UKK"},
{"constituency":"Broadland","region":"UKH"},
{"constituency":"Bromley and Chislehurst","region":"UKI"},
{"constituency":"Bromsgrove","region":"UKG"},
{"constituency":"Broxbourne","region":"UKH"},
{"constituency":"Broxtowe","region":"UKF"},
{"constituency":"Buckingham","region":"UKJ"},
{"constituency":"Burnley","region":"UKD"},
{"constituency":"Burton","region":"UKG"},
{"constituency":"Bury North","region":"UKD"},
{"constituency":"Bury South","region":"UKD"},
{"constituency":"Bury St Edmunds","region":"UKH"},
{"constituency":"Caerphilly","region":"UKL"},
{"constituency":"Caithness, Sutherland and Easter Ross","region":"UKM"},
{"constituency":"Calder Valley","region":"UKE"},
{"constituency":"Camberwell and Peckham","region":"UKI"},
{"constituency":"Camborne and Redruth","region":"UKK"},
{"constituency":"Cambridge","region":"UKH"},
{"constituency":"North East Cambridgeshire","region":"UKH"},
{"constituency":"North West Cambridgeshire","region":"UKH"},
{"constituency":"South Cambridgeshire","region":"UKH"},
{"constituency":"South East Cambridgeshire","region":"UKH"},
{"constituency":"Cannock Chase","region":"UKG"},
{"constituency":"Canterbury","region":"UKJ"},
{"constituency":"Cardiff Central","region":"UKL"},
{"constituency":"Cardiff North","region":"UKL"},
{"constituency":"Cardiff South and Penarth","region":"UKL"},
{"constituency":"Cardiff West","region":"UKL"},
{"constituency":"Carlisle","region":"UKD"},
{"constituency":"Carmarthen East and Dinefwr","region":"UKL"},
{"constituency":"Carmarthen West and South Pembrokeshire","region":"UKL"},
{"constituency":"Carshalton and Wallington","region":"UKI"},
{"constituency":"Castle Point","region":"UKH"},
{"constituency":"Ceredigion","region":"UKL"},
{"constituency":"Charnwood","region":"UKF"},
{"constituency":"Chatham and Aylesford","region":"UKJ"},
{"constituency":"Cheadle","region":"UKD"},
{"constituency":"Chelmsford","region":"UKH"},
{"constituency":"Chelsea and Fulham","region":"UKI"},
{"constituency":"Cheltenham","region":"UKK"},
{"constituency":"Chesham and Amersham","region":"UKJ"},
{"constituency":"City of Chester","region":"UKD"},
{"constituency":"Chesterfield","region":"UKF"},
{"constituency":"Chichester","region":"UKJ"},
{"constituency":"Chingford and Woodford Green","region":"UKI"},
{"constituency":"Chippenham","region":"UKK"},
{"constituency":"Chipping Barnet","region":"UKI"},
{"constituency":"Chorley","region":"UKD"},
{"constituency":"Christchurch","region":"UKK"},
{"constituency":"Cities of London and Westminster","region":"UKI"},
{"constituency":"Clacton","region":"UKH"},
{"constituency":"Cleethorpes","region":"UKE"},
{"constituency":"Clwyd South","region":"UKL"},
{"constituency":"Clwyd West","region":"UKL"},
{"constituency":"Coatbridge, Chryston and Bellshill","region":"UKM"},
{"constituency":"Colchester","region":"UKH"},
{"constituency":"Colne Valley","region":"UKE"},
{"constituency":"Congleton","region":"UKD"},
{"constituency":"Copeland","region":"UKD"},
{"constituency":"Corby","region":"UKF"},
{"constituency":"North Cornwall","region":"UKK"},
{"constituency":"South East Cornwall","region":"UKK"},
{"constituency":"The Cotswolds","region":"UKK"},
{"constituency":"Coventry North East","region":"UKG"},
{"constituency":"Coventry North West","region":"UKG"},
{"constituency":"Coventry South","region":"UKG"},
{"constituency":"Crawley","region":"UKJ"},
{"constituency":"Crewe and Nantwich","region":"UKD"},
{"constituency":"Croydon Central","region":"UKI"},
{"constituency":"Croydon North","region":"UKI"},
{"constituency":"Croydon South","region":"UKI"},
{"constituency":"Cumbernauld, Kilsyth and Kirkintilloch East","region":"UKM"},
{"constituency":"Cynon Valley","region":"UKL"},
{"constituency":"Dagenham and Rainham","region":"UKI"},
{"constituency":"Darlington","region":"UKC"},
{"constituency":"Dartford","region":"UKJ"},
{"constituency":"Daventry","region":"UKF"},
{"constituency":"Delyn","region":"UKL"},
{"constituency":"Denton and Reddish","region":"UKD"},
{"constituency":"Derby North","region":"UKF"},
{"constituency":"Derby South","region":"UKF"},
{"constituency":"Derbyshire Dales","region":"UKF"},
{"constituency":"Mid Derbyshire","region":"UKF"},
{"constituency":"North East Derbyshire","region":"UKF"},
{"constituency":"South Derbyshire","region":"UKF"},
{"constituency":"Devizes","region":"UKK"},
{"constituency":"Central Devon","region":"UKK"},
{"constituency":"East Devon","region":"UKK"},
{"constituency":"North Devon","region":"UKK"},
{"constituency":"South West Devon","region":"UKK"},
{"constituency":"Torridge and West Devon","region":"UKK"},
{"constituency":"Dewsbury","region":"UKE"},
{"constituency":"Don Valley","region":"UKE"},
{"constituency":"Doncaster Central","region":"UKE"},
{"constituency":"Doncaster North","region":"UKE"},
{"constituency":"Mid Dorset and North Poole","region":"UKK"},
{"constituency":"North Dorset","region":"UKK"},
{"constituency":"South Dorset","region":"UKK"},
{"constituency":"West Dorset","region":"UKK"},
{"constituency":"Dover","region":"UKJ"},
{"constituency":"Dudley North","region":"UKG"},
{"constituency":"Dudley South","region":"UKG"},
{"constituency":"Dulwich and West Norwood","region":"UKI"},
{"constituency":"Dumfries and Galloway","region":"UKM"},
{"constituency":"Dumfriesshire, Clydesdale and Tweeddale","region":"UKM"},
{"constituency":"East Dunbartonshire","region":"UKM"},
{"constituency":"West Dunbartonshire","region":"UKM"},
{"constituency":"Dundee East","region":"UKM"},
{"constituency":"Dundee West","region":"UKM"},
{"constituency":"Dunfermline and West Fife","region":"UKM"},
{"constituency":"North Durham","region":"UKC"},
{"constituency":"North West Durham","region":"UKC"},
{"constituency":"City of Durham","region":"UKC"},
{"constituency":"Dwyfor Meirionnydd","region":"UKL"},
{"constituency":"Ealing Central and Acton","region":"UKI"},
{"constituency":"Ealing North","region":"UKI"},
{"constituency":"Ealing, Southall","region":"UKI"},
{"constituency":"Easington","region":"UKC"},
{"constituency":"East Ham","region":"UKI"},
{"constituency":"East Kilbride, Strathaven and Lesmahagow","region":"UKM"},
{"constituency":"East Lothian","region":"UKM"},
{"constituency":"Eastbourne","region":"UKJ"},
{"constituency":"Eastleigh","region":"UKJ"},
{"constituency":"Eddisbury","region":"UKD"},
{"constituency":"Edinburgh East","region":"UKM"},
{"constituency":"Edinburgh North and Leith","region":"UKM"},
{"constituency":"Edinburgh South","region":"UKM"},
{"constituency":"Edinburgh South West","region":"UKM"},
{"constituency":"Edinburgh West","region":"UKM"},
{"constituency":"Edmonton","region":"UKI"},
{"constituency":"Ellesmere Port and Neston","region":"UKD"},
{"constituency":"Elmet and Rothwell","region":"UKE"},
{"constituency":"Eltham","region":"UKI"},
{"constituency":"Enfield North","region":"UKI"},
{"constituency":"Enfield, Southgate","region":"UKI"},
{"constituency":"Epping Forest","region":"UKH"},
{"constituency":"Epsom and Ewell","region":"UKJ"},
{"constituency":"Erewash","region":"UKF"},
{"constituency":"Erith and Thamesmead","region":"UKI"},
{"constituency":"Esher and Walton","region":"UKJ"},
{"constituency":"Exeter","region":"UKK"},
{"constituency":"Falkirk","region":"UKM"},
{"constituency":"Fareham","region":"UKJ"},
{"constituency":"Faversham and Mid Kent","region":"UKJ"},
{"constituency":"Feltham and Heston","region":"UKI"},
{"constituency":"North East Fife","region":"UKM"},
{"constituency":"Filton and Bradley Stoke","region":"UKK"},
{"constituency":"Finchley and Golders Green","region":"UKI"},
{"constituency":"Folkestone and Hythe","region":"UKJ"},
{"constituency":"Forest of Dean","region":"UKK"},
{"constituency":"Fylde","region":"UKD"},
{"constituency":"Gainsborough","region":"UKF"},
{"constituency":"Garston and Halewood","region":"UKD"},
{"constituency":"Gateshead","region":"UKC"},
{"constituency":"Gedling","region":"UKF"},
{"constituency":"Gillingham and Rainham","region":"UKJ"},
{"constituency":"Glasgow Central","region":"UKM"},
{"constituency":"Glasgow East","region":"UKM"},
{"constituency":"Glasgow North","region":"UKM"},
{"constituency":"Glasgow North East","region":"UKM"},
{"constituency":"Glasgow North West","region":"UKM"},
{"constituency":"Glasgow South","region":"UKM"},
{"constituency":"Glasgow South West","region":"UKM"},
{"constituency":"Glenrothes","region":"UKM"},
{"constituency":"Gloucester","region":"UKK"},
{"constituency":"Gordon","region":"UKM"},
{"constituency":"Gosport","region":"UKJ"},
{"constituency":"Gower","region":"UKL"},
{"constituency":"Grantham and Stamford","region":"UKF"},
{"constituency":"Gravesham","region":"UKJ"},
{"constituency":"Great Grimsby","region":"UKE"},
{"constituency":"Great Yarmouth","region":"UKH"},
{"constituency":"Greenwich and Woolwich","region":"UKI"},
{"constituency":"Guildford","region":"UKJ"},
{"constituency":"Hackney North and Stoke Newington","region":"UKI"},
{"constituency":"Hackney South and Shoreditch","region":"UKI"},
{"constituency":"Halesowen and Rowley Regis","region":"UKG"},
{"constituency":"Halifax","region":"UKE"},
{"constituency":"Haltemprice and Howden","region":"UKE"},
{"constituency":"Halton","region":"UKD"},
{"constituency":"Hammersmith","region":"UKI"},
{"constituency":"East Hampshire","region":"UKJ"},
{"constituency":"North East Hampshire","region":"UKJ"},
{"constituency":"North West Hampshire","region":"UKJ"},
{"constituency":"Hampstead and Kilburn","region":"UKI"},
{"constituency":"Harborough","region":"UKF"},
{"constituency":"Harlow","region":"UKH"},
{"constituency":"Harrogate and Knaresborough","region":"UKE"},
{"constituency":"Harrow East","region":"UKI"},
{"constituency":"Harrow West","region":"UKI"},
{"constituency":"Hartlepool","region":"UKC"},
{"constituency":"Harwich and North Essex","region":"UKH"},
{"constituency":"Hastings and Rye","region":"UKJ"},
{"constituency":"Havant","region":"UKJ"},
{"constituency":"Hayes and Harlington","region":"UKI"},
{"constituency":"Hazel Grove","region":"UKD"},
{"constituency":"Hemel Hempstead","region":"UKH"},
{"constituency":"Hemsworth","region":"UKE"},
{"constituency":"Hendon","region":"UKI"},
{"constituency":"Henley","region":"UKJ"},
{"constituency":"Hereford and South Herefordshire","region":"UKG"},
{"constituency":"North Herefordshire","region":"UKG"},
{"constituency":"Hertford and Stortford","region":"UKH"},
{"constituency":"North East Hertfordshire","region":"UKH"},
{"constituency":"South West Hertfordshire","region":"UKH"},
{"constituency":"Hertsmere","region":"UKH"},
{"constituency":"Hexham","region":"UKC"},
{"constituency":"Heywood and Middleton","region":"UKD"},
{"constituency":"High Peak","region":"UKF"},
{"constituency":"Hitchin and Harpenden","region":"UKH"},
{"constituency":"Holborn and St Pancras","region":"UKI"},
{"constituency":"Hornchurch and Upminster","region":"UKI"},
{"constituency":"Hornsey and Wood Green","region":"UKI"},
{"constituency":"Horsham","region":"UKJ"},
{"constituency":"Houghton and Sunderland South","region":"UKC"},
{"constituency":"Hove","region":"UKJ"},
{"constituency":"Huddersfield","region":"UKE"},
{"constituency":"Kingston upon Hull East","region":"UKE"},
{"constituency":"Kingston upon Hull North","region":"UKE"},
{"constituency":"Kingston upon Hull West and Hessle","region":"UKE"},
{"constituency":"Huntingdon","region":"UKH"},
{"constituency":"Hyndburn","region":"UKD"},
{"constituency":"Ilford North","region":"UKI"},
{"constituency":"Ilford South","region":"UKI"},
{"constituency":"Inverclyde","region":"UKM"},
{"constituency":"Inverness, Nairn, Badenoch and Strathspey","region":"UKM"},
{"constituency":"Ipswich","region":"UKH"},
{"constituency":"Isle of Wight","region":"UKJ"},
{"constituency":"Islington North","region":"UKI"},
{"constituency":"Islington South and Finsbury","region":"UKI"},
{"constituency":"Islwyn","region":"UKL"},
{"constituency":"Jarrow","region":"UKC"},
{"constituency":"Keighley","region":"UKE"},
{"constituency":"Kenilworth and Southam","region":"UKG"},
{"constituency":"Kensington","region":"UKI"},
{"constituency":"Kettering","region":"UKF"},
{"constituency":"Kilmarnock and Loudoun","region":"UKM"},
{"constituency":"Kingston and Surbiton","region":"UKI"},
{"constituency":"Kingswood","region":"UKK"},
{"constituency":"Kirkcaldy and Cowdenbeath","region":"UKM"},
{"constituency":"Knowsley","region":"UKD"},
{"constituency":"Lanark and Hamilton East","region":"UKM"},
{"constituency":"West Lancashire","region":"UKD"},
{"constituency":"Lancaster and Fleetwood","region":"UKD"},
{"constituency":"Leeds Central","region":"UKE"},
{"constituency":"Leeds East","region":"UKE"},
{"constituency":"Leeds North East","region":"UKE"},
{"constituency":"Leeds North West","region":"UKE"},
{"constituency":"Leeds West","region":"UKE"},
{"constituency":"Leicester East","region":"UKF"},
{"constituency":"Leicester South","region":"UKF"},
{"constituency":"Leicester West","region":"UKF"},
{"constituency":"North West Leicestershire","region":"UKF"},
{"constituency":"South Leicestershire","region":"UKF"},
{"constituency":"Leigh","region":"UKD"},
{"constituency":"Lewes","region":"UKJ"},
{"constituency":"Lewisham, Deptford","region":"UKI"},
{"constituency":"Lewisham East","region":"UKI"},
{"constituency":"Lewisham West and Penge","region":"UKI"},
{"constituency":"Leyton and Wanstead","region":"UKI"},
{"constituency":"Lichfield","region":"UKG"},
{"constituency":"Lincoln","region":"UKF"},
{"constituency":"Linlithgow and East Falkirk","region":"UKM"},
{"constituency":"Liverpool, Riverside","region":"UKD"},
{"constituency":"Liverpool, Walton","region":"UKD"},
{"constituency":"Liverpool, Wavertree","region":"UKD"},
{"constituency":"Liverpool, West Derby","region":"UKD"},
{"constituency":"Livingston","region":"UKM"},
{"constituency":"Llanelli","region":"UKL"},
{"constituency":"Loughborough","region":"UKF"},
{"constituency":"Louth and Horncastle","region":"UKF"},
{"constituency":"Ludlow","region":"UKG"},
{"constituency":"Luton North","region":"UKH"},
{"constituency":"Luton South","region":"UKH"},
{"constituency":"Macclesfield","region":"UKD"},
{"constituency":"Maidenhead","region":"UKJ"},
{"constituency":"Maidstone and The Weald","region":"UKJ"},
{"constituency":"Makerfield","region":"UKD"},
{"constituency":"Maldon","region":"UKH"},
{"constituency":"Manchester Central","region":"UKD"},
{"constituency":"Manchester, Gorton","region":"UKD"},
{"constituency":"Manchester, Withington","region":"UKD"},
{"constituency":"Mansfield","region":"UKF"},
{"constituency":"Meon Valley","region":"UKJ"},
{"constituency":"Meriden","region":"UKG"},
{"constituency":"Merthyr Tydfil and Rhymney","region":"UKL"},
{"constituency":"Middlesbrough","region":"UKC"},
{"constituency":"Middlesbrough South and East Cleveland","region":"UKC"},
{"constituency":"Midlothian","region":"UKM"},
{"constituency":"Milton Keynes North","region":"UKJ"},
{"constituency":"Milton Keynes South","region":"UKJ"},
{"constituency":"Mitcham and Morden","region":"UKI"},
{"constituency":"Mole Valley","region":"UKJ"},
{"constituency":"Monmouth","region":"UKL"},
{"constituency":"Montgomeryshire","region":"UKL"},
{"constituency":"Moray","region":"UKM"},
{"constituency":"Morecambe and Lunesdale","region":"UKD"},
{"constituency":"Morley and Outwood","region":"UKE"},
{"constituency":"Motherwell and Wishaw","region":"UKM"},
{"constituency":"Na h-Eileanan An Iar","region":"UKM"},
{"constituency":"Neath","region":"UKL"},
{"constituency":"New Forest East","region":"UKJ"},
{"constituency":"New Forest West","region":"UKJ"},
{"constituency":"Newark","region":"UKF"},
{"constituency":"Newbury","region":"UKJ"},
{"constituency":"Newcastle upon Tyne Central","region":"UKC"},
{"constituency":"Newcastle upon Tyne East","region":"UKC"},
{"constituency":"Newcastle upon Tyne North","region":"UKC"},
{"constituency":"Newcastle-under-Lyme","region":"UKG"},
{"constituency":"Newport East","region":"UKL"},
{"constituency":"Newport West","region":"UKL"},
{"constituency":"Newton Abbot","region":"UKK"},
{"constituency":"Mid Norfolk","region":"UKH"},
{"constituency":"North Norfolk","region":"UKH"},
{"constituency":"North West Norfolk","region":"UKH"},
{"constituency":"South Norfolk","region":"UKH"},
{"constituency":"South West Norfolk","region":"UKH"},
{"constituency":"Normanton, Pontefract and Castleford","region":"UKE"},
{"constituency":"Northampton North","region":"UKF"},
{"constituency":"Northampton South","region":"UKF"},
{"constituency":"South Northamptonshire","region":"UKF"},
{"constituency":"Norwich North","region":"UKH"},
{"constituency":"Norwich South","region":"UKH"},
{"constituency":"Nottingham East","region":"UKF"},
{"constituency":"Nottingham North","region":"UKF"},
{"constituency":"Nottingham South","region":"UKF"},
{"constituency":"Nuneaton","region":"UKG"},
{"constituency":"Ochil and South Perthshire","region":"UKM"},
{"constituency":"Ogmore","region":"UKL"},
{"constituency":"Old Bexley and Sidcup","region":"UKI"},
{"constituency":"Oldham East and Saddleworth","region":"UKD"},
{"constituency":"Oldham West and Royton","region":"UKD"},
{"constituency":"Orkney and Shetland","region":"UKM"},
{"constituency":"Orpington","region":"UKI"},
{"constituency":"Oxford East","region":"UKJ"},
{"constituency":"Oxford West and Abingdon","region":"UKJ"},
{"constituency":"Paisley and Renfrewshire North","region":"UKM"},
{"constituency":"Paisley and Renfrewshire South","region":"UKM"},
{"constituency":"Pendle","region":"UKD"},
{"constituency":"Penistone and Stocksbridge","region":"UKE"},
{"constituency":"Penrith and The Border","region":"UKD"},
{"constituency":"Perth and North Perthshire","region":"UKM"},
{"constituency":"Peterborough","region":"UKH"},
{"constituency":"Plymouth, Moor View","region":"UKK"},
{"constituency":"Plymouth, Sutton and Devonport","region":"UKK"},
{"constituency":"Pontypridd","region":"UKL"},
{"constituency":"Poole","region":"UKK"},
{"constituency":"Poplar and Limehouse","region":"UKI"},
{"constituency":"Portsmouth North","region":"UKJ"},
{"constituency":"Portsmouth South","region":"UKJ"},
{"constituency":"Preseli Pembrokeshire","region":"UKL"},
{"constituency":"Preston","region":"UKD"},
{"constituency":"Pudsey","region":"UKE"},
{"constituency":"Putney","region":"UKI"},
{"constituency":"Rayleigh and Wickford","region":"UKH"},
{"constituency":"Reading East","region":"UKJ"},
{"constituency":"Reading West","region":"UKJ"},
{"constituency":"Redcar","region":"UKC"},
{"constituency":"Redditch","region":"UKG"},
{"constituency":"Reigate","region":"UKJ"},
{"constituency":"East Renfrewshire","region":"UKM"},
{"constituency":"Rhondda","region":"UKL"},
{"constituency":"South Ribble","region":"UKD"},
{"constituency":"Ribble Valley","region":"UKD"},
{"constituency":"Richmond (Yorks)","region":"UKE"},
{"constituency":"Richmond Park","region":"UKI"},
{"constituency":"Rochdale","region":"UKD"},
{"constituency":"Rochester and Strood","region":"UKJ"},
{"constituency":"Rochford and Southend East","region":"UKH"},
{"constituency":"Romford","region":"UKI"},
{"constituency":"Romsey and Southampton North","region":"UKJ"},
{"constituency":"Ross, Skye and Lochaber","region":"UKM"},
{"constituency":"Rossendale and Darwen","region":"UKD"},
{"constituency":"Rother Valley","region":"UKE"},
{"constituency":"Rotherham","region":"UKE"},
{"constituency":"Rugby","region":"UKG"},
{"constituency":"Ruislip, Northwood and Pinner","region":"UKI"},
{"constituency":"Runnymede and Weybridge","region":"UKJ"},
{"constituency":"Rushcliffe","region":"UKF"},
{"constituency":"Rutherglen and Hamilton West","region":"UKM"},
{"constituency":"Rutland and Melton","region":"UKF"},
{"constituency":"Saffron Walden","region":"UKH"},
{"constituency":"Salford and Eccles","region":"UKD"},
{"constituency":"Salisbury","region":"UKK"},
{"constituency":"Scarborough and Whitby","region":"UKE"},
{"constituency":"Scunthorpe","region":"UKE"},
{"constituency":"Sedgefield","region":"UKC"},
{"constituency":"Sefton Central","region":"UKD"},
{"constituency":"Selby and Ainsty","region":"UKE"},
{"constituency":"Sevenoaks","region":"UKJ"},
{"constituency":"Sheffield, Brightside and Hillsborough","region":"UKE"},
{"constituency":"Sheffield Central","region":"UKE"},
{"constituency":"Sheffield, Hallam","region":"UKE"},
{"constituency":"Sheffield, Heeley","region":"UKE"},
{"constituency":"Sheffield South East","region":"UKE"},
{"constituency":"Sherwood","region":"UKF"},
{"constituency":"Shipley","region":"UKE"},
{"constituency":"Shrewsbury and Atcham","region":"UKG"},
{"constituency":"North Shropshire","region":"UKG"},
{"constituency":"Sittingbourne and Sheppey","region":"UKJ"},
{"constituency":"Skipton and Ripon","region":"UKE"},
{"constituency":"Sleaford and North Hykeham","region":"UKF"},
{"constituency":"Slough","region":"UKJ"},
{"constituency":"Solihull","region":"UKG"},
{"constituency":"North Somerset","region":"UKK"},
{"constituency":"North East Somerset","region":"UKK"},
{"constituency":"Somerton and Frome","region":"UKK"},
{"constituency":"South Holland and The Deepings","region":"UKF"},
{"constituency":"South Shields","region":"UKC"},
{"constituency":"Southampton, Itchen","region":"UKJ"},
{"constituency":"Southampton, Test","region":"UKJ"},
{"constituency":"Southend West","region":"UKH"},
{"constituency":"Southport","region":"UKD"},
{"constituency":"Spelthorne","region":"UKJ"},
{"constituency":"St Albans","region":"UKH"},
{"constituency":"St Austell and Newquay","region":"UKK"},
{"constituency":"St Helens North","region":"UKD"},
{"constituency":"St Helens South and Whiston","region":"UKD"},
{"constituency":"St Ives","region":"UKK"},
{"constituency":"Stafford","region":"UKG"},
{"constituency":"Staffordshire Moorlands","region":"UKG"},
{"constituency":"South Staffordshire","region":"UKG"},
{"constituency":"Stalybridge and Hyde","region":"UKD"},
{"constituency":"Stevenage","region":"UKH"},
{"constituency":"Stirling","region":"UKM"},
{"constituency":"Stockport","region":"UKD"},
{"constituency":"Stockton North","region":"UKC"},
{"constituency":"Stockton South","region":"UKC"},
{"constituency":"Stoke-on-Trent Central","region":"UKG"},
{"constituency":"Stoke-on-Trent North","region":"UKG"},
{"constituency":"Stoke-on-Trent South","region":"UKG"},
{"constituency":"Stone","region":"UKG"},
{"constituency":"Stourbridge","region":"UKG"},
{"constituency":"Stratford-on-Avon","region":"UKG"},
{"constituency":"Streatham","region":"UKI"},
{"constituency":"Stretford and Urmston","region":"UKD"},
{"constituency":"Stroud","region":"UKK"},
{"constituency":"Central Suffolk and North Ipswich","region":"UKH"},
{"constituency":"Suffolk Coastal","region":"UKH"},
{"constituency":"South Suffolk","region":"UKH"},
{"constituency":"West Suffolk","region":"UKH"},
{"constituency":"Sunderland Central","region":"UKC"},
{"constituency":"East Surrey","region":"UKJ"},
{"constituency":"Surrey Heath","region":"UKJ"},
{"constituency":"South West Surrey","region":"UKJ"},
{"constituency":"Mid Sussex","region":"UKJ"},
{"constituency":"Sutton and Cheam","region":"UKI"},
{"constituency":"Sutton Coldfield","region":"UKG"},
{"constituency":"Swansea East","region":"UKL"},
{"constituency":"Swansea West","region":"UKL"},
{"constituency":"North Swindon","region":"UKK"},
{"constituency":"South Swindon","region":"UKK"},
{"constituency":"Tamworth","region":"UKG"},
{"constituency":"Tatton","region":"UKD"},
{"constituency":"Taunton Deane","region":"UKK"},
{"constituency":"Telford","region":"UKG"},
{"constituency":"Tewkesbury","region":"UKK"},
{"constituency":"North Thanet","region":"UKJ"},
{"constituency":"South Thanet","region":"UKJ"},
{"constituency":"Thirsk and Malton","region":"UKE"},
{"constituency":"Thornbury and Yate","region":"UKK"},
{"constituency":"Thurrock","region":"UKH"},
{"constituency":"Tiverton and Honiton","region":"UKK"},
{"constituency":"Tonbridge and Malling","region":"UKJ"},
{"constituency":"Tooting","region":"UKI"},
{"constituency":"Torbay","region":"UKK"},
{"constituency":"Torfaen","region":"UKL"},
{"constituency":"Totnes","region":"UKK"},
{"constituency":"Tottenham","region":"UKI"},
{"constituency":"Truro and Falmouth","region":"UKK"},
{"constituency":"Tunbridge Wells","region":"UKJ"},
{"constituency":"Twickenham","region":"UKI"},
{"constituency":"Tynemouth","region":"UKC"},
{"constituency":"North Tyneside","region":"UKC"},
{"constituency":"Uxbridge and South Ruislip","region":"UKI"},
{"constituency":"Vale of Clwyd","region":"UKL"},
{"constituency":"Vale of Glamorgan","region":"UKL"},
{"constituency":"Vauxhall","region":"UKI"},
{"constituency":"Wakefield","region":"UKE"},
{"constituency":"Wallasey","region":"UKD"},
{"constituency":"Walsall North","region":"UKG"},
{"constituency":"Walsall South","region":"UKG"},
{"constituency":"Walthamstow","region":"UKI"},
{"constituency":"Wansbeck","region":"UKC"},
{"constituency":"Wantage","region":"UKJ"},
{"constituency":"Warley","region":"UKG"},
{"constituency":"Warrington North","region":"UKD"},
{"constituency":"Warrington South","region":"UKD"},
{"constituency":"Warwick and Leamington","region":"UKG"},
{"constituency":"North Warwickshire","region":"UKG"},
{"constituency":"Washington and Sunderland West","region":"UKC"},
{"constituency":"Watford","region":"UKH"},
{"constituency":"Waveney","region":"UKH"},
{"constituency":"Wealden","region":"UKJ"},
{"constituency":"Weaver Vale","region":"UKD"},
{"constituency":"Wellingborough","region":"UKF"},
{"constituency":"Wells","region":"UKK"},
{"constituency":"Welwyn Hatfield","region":"UKH"},
{"constituency":"Wentworth and Dearne","region":"UKE"},
{"constituency":"West Bromwich East","region":"UKG"},
{"constituency":"West Bromwich West","region":"UKG"},
{"constituency":"West Ham","region":"UKI"},
{"constituency":"Westminster North","region":"UKI"},
{"constituency":"Westmorland and Lonsdale","region":"UKD"},
{"constituency":"Weston-Super-Mare","region":"UKK"},
{"constituency":"Wigan","region":"UKD"},
{"constituency":"North Wiltshire","region":"UKK"},
{"constituency":"South West Wiltshire","region":"UKK"},
{"constituency":"Wimbledon","region":"UKI"},
{"constituency":"Winchester","region":"UKJ"},
{"constituency":"Windsor","region":"UKJ"},
{"constituency":"Wirral South","region":"UKD"},
{"constituency":"Wirral West","region":"UKD"},
{"constituency":"Witham","region":"UKH"},
{"constituency":"Witney","region":"UKJ"},
{"constituency":"Woking","region":"UKJ"},
{"constituency":"Wokingham","region":"UKJ"},
{"constituency":"Wolverhampton North East","region":"UKG"},
{"constituency":"Wolverhampton South East","region":"UKG"},
{"constituency":"Wolverhampton South West","region":"UKG"},
{"constituency":"Worcester","region":"UKG"},
{"constituency":"Mid Worcestershire","region":"UKG"},
{"constituency":"West Worcestershire","region":"UKG"},
{"constituency":"Workington","region":"UKD"},
{"constituency":"Worsley and Eccles South","region":"UKD"},
{"constituency":"East Worthing and Shoreham","region":"UKJ"},
{"constituency":"Worthing West","region":"UKJ"},
{"constituency":"The Wrekin","region":"UKG"},
{"constituency":"Wrexham","region":"UKL"},
{"constituency":"Wycombe","region":"UKJ"},
{"constituency":"Wyre and Preston North","region":"UKD"},
{"constituency":"Wyre Forest","region":"UKG"},
{"constituency":"Wythenshawe and Sale East","region":"UKD"},
{"constituency":"Yeovil","region":"UKK"},
{"constituency":"Ynys Môn","region":"UKL"},
{"constituency":"York Central","region":"UKE"},
{"constituency":"York Outer","region":"UKE"},
{"constituency":"East Yorkshire","region":"UKE"},
{"constituency":"Belfast East","region":"UKN"},
{"constituency":"Belfast North","region":"UKN"},
{"constituency":"Belfast South","region":"UKN"},
{"constituency":"Belfast West","region":"UKN"},
{"constituency":"East Antrim","region":"UKN"},
{"constituency":"East Londonderry","region":"UKN"},
{"constituency":"Fermanagh and South Tyrone","region":"UKN"},
{"constituency":"Foyle","region":"UKN"},
{"constituency":"Lagan Valley","region":"UKN"},
{"constituency":"Mid Ulster","region":"UKN"},
{"constituency":"Newry and Armagh","region":"UKN"},
{"constituency":"North Antrim","region":"UKN"},
{"constituency":"North Down","region":"UKN"},
{"constituency":"South Antrim","region":"UKN"},
{"constituency":"South Down","region":"UKN"},
{"constituency":"Strangford","region":"UKN"},
{"constituency":"Upper Bann","region":"UKN"},
{"constituency":"West Tyrone","region":"UKN"}
]